<?xml version="1.0" encoding="UTF-8"?>
<project-private xmlns="http://www.netbeans.org/ns/project-private/1">
    <editor-bookmarks xmlns="http://www.netbeans.org/ns/editor-bookmarks/2" lastBookmarkId="0"/>
    <open-files xmlns="http://www.netbeans.org/ns/projectui-open-files/2">
        <group>
            <file>file:/C:/Users/Rakesh%20Ahuja/Desktop/Emertxe%20MCU/carBlackBox.X/uart.c</file>
            <file>file:/C:/Users/Rakesh%20Ahuja/Desktop/Emertxe%20MCU/carBlackBox.X/main.c</file>
            <file>file:/C:/Users/Rakesh%20Ahuja/Desktop/Emertxe%20MCU/carBlackBox.X/main.h</file>
            <file>file:/C:/Users/Rakesh%20Ahuja/Desktop/Emertxe%20MCU/carBlackBox.X/uart.h</file>
            <file>file:/C:/Users/Rakesh%20Ahuja/Desktop/Emertxe%20MCU/carBlackBox.X/lcd_screen.c</file>
        </group>
    </open-files>
</project-private>
